{"name":"order t-shirt","id":"automationpractice-testscenarios;order-t-shirt","testSteps":[{"number":1,"description":"order t-shirt #1: {username\u003dautomationtest2003@gmail.com, password\u003d12345, Order\u003dt-shirt}","duration":58365,"startTime":"2021-03-20T20:25:41.423579300Z[Europe/London]","screenshots":[{"screenshot":"ef6b9cd4a159f0409361ea07d543703a5e86eccd06c1736acf8d5203608cf5c3.png"}],"result":"SUCCESS","precondition":false,"children":[{"number":2,"description":"Given I am on the home page","duration":12309,"startTime":"2021-03-20T20:25:41.428581400Z[Europe/London]","screenshots":[{"screenshot":"06f89861995edc6dbd1281a04d698292adda18a55bf74534f9620116b83fffe3.png"}],"result":"SUCCESS","precondition":false},{"number":3,"description":"And signin to my account using \"automationtest2003@gmail.com\" and \"12345\"","duration":8683,"startTime":"2021-03-20T20:25:53.741081100Z[Europe/London]","screenshots":[{"screenshot":"10338f706bc7435cb97432188847b0aae3edf7c4911fdefe962af17a88dd7bc4.png"}],"result":"SUCCESS","precondition":false,"children":[{"number":4,"description":"Login: automationtest2003@gmail.com, 12345","duration":8219,"startTime":"2021-03-20T20:25:53.808125900Z[Europe/London]","screenshots":[{"screenshot":"10338f706bc7435cb97432188847b0aae3edf7c4911fdefe962af17a88dd7bc4.png"}],"result":"SUCCESS","precondition":false}]},{"number":5,"description":"When I add \"t-shirt\" to the shopping cart","duration":18551,"startTime":"2021-03-20T20:26:02.425598600Z[Europe/London]","screenshots":[{"screenshot":"1200d40b4cbe9a369694f7c18a92bc71ac8b68213514a203b166a3bf263c6c09.png"}],"result":"SUCCESS","precondition":false,"children":[{"number":6,"description":"Selectdress: t-shirt","duration":6565,"startTime":"2021-03-20T20:26:02.427600400Z[Europe/London]","screenshots":[{"screenshot":"86c6be4df021a0cdf8beef3b418112a0388cef22f6b9504c7a1fe303adfe50a6.png"}],"result":"SUCCESS","precondition":false},{"number":7,"description":"Addtocart","duration":11503,"startTime":"2021-03-20T20:26:08.993763Z[Europe/London]","screenshots":[{"screenshot":"1f6aeb1ea6a5ac39116179d9173a39ca00750df82e28a299dac8b9ac4ceafe83.png"}],"result":"SUCCESS","precondition":false}]},{"number":8,"description":"And proceed to checkout","duration":1770,"startTime":"2021-03-20T20:26:20.977094300Z[Europe/London]","screenshots":[{"screenshot":"7a385007a20a8594429fb81031164c2e9c459ef48a509199b312244b40ab3025.png"}],"result":"SUCCESS","precondition":false},{"number":9,"description":"And validate the shopping cart and proceed","duration":1733,"startTime":"2021-03-20T20:26:22.748911500Z[Europe/London]","screenshots":[{"screenshot":"5629353243f2685651460f7108bcccc39855fda8caf8d3ac9d51962822003169.png"}],"result":"SUCCESS","precondition":false},{"number":10,"description":"And validate the address and proceed","duration":1575,"startTime":"2021-03-20T20:26:24.483381800Z[Europe/London]","screenshots":[{"screenshot":"c5c132b53ea3fc9c07c1b29262c3c9033dd779e00e19eaae03751ac22fc5b2f0.png"}],"result":"SUCCESS","precondition":false},{"number":11,"description":"And validate the shipping details and proceed","duration":2939,"startTime":"2021-03-20T20:26:26.058660700Z[Europe/London]","screenshots":[{"screenshot":"64d1f5a349a1e46b7e89d6faae576ee42567500b0f8d15eaf5860a847a435777.png"}],"result":"SUCCESS","precondition":false},{"number":12,"description":"And Select the bank wire payment and proceed","duration":2609,"startTime":"2021-03-20T20:26:28.998796200Z[Europe/London]","screenshots":[{"screenshot":"872a2fb90ac8487ef1e1be35e52cc2aeadfb4664ad249ccda4a5f059096348e6.png"}],"result":"SUCCESS","precondition":false},{"number":13,"description":"And Confirm the order","duration":3817,"startTime":"2021-03-20T20:26:31.609196300Z[Europe/London]","screenshots":[{"screenshot":"c12a90f794dd79bedb4a3163abb2145b78a2ab4403dd2bba29bfcf743e3b7b35.png"}],"result":"SUCCESS","precondition":false},{"number":14,"description":"Then The order should be in the order history","duration":3988,"startTime":"2021-03-20T20:26:35.428093Z[Europe/London]","screenshots":[{"screenshot":"ef6b9cd4a159f0409361ea07d543703a5e86eccd06c1736acf8d5203608cf5c3.png"}],"result":"SUCCESS","precondition":false}]}],"userStory":{"id":"automationpractice-testscenarios","storyName":"automationpractice-testscenarios","path":"src/test/resources/features/automationpractice_regression/Automation_Practice.feature","type":"feature"},"featureTag":{"name":"Automationpractice regression/automationpractice-testscenarios","type":"feature"},"title":"order t-shirt","tags":[{"name":"regression","type":"tag"},{"name":"Automationpractice regression/Automationpractice testscenarios","type":"feature"},{"name":"Automationpractice regression","type":"capability"},{"name":"automationpractice","type":"tag"}],"startTime":"2021-03-20T20:25:41.021312Z[Europe/London]","duration":61804,"projectKey":"","sessionId":"4d737b26530b9a0fbadd66e4359130d6","driver":"chrome","dataTable":{"headers":["username","password","Order"],"rows":[{"values":["automationtest2003@gmail.com","12345","t-shirt"],"result":"SUCCESS"}],"predefinedRows":true,"scenarioOutline":"Given I am on the home page\n\rAnd signin to my account using \"\u003cusername\u003e\" and \"\u003cpassword\u003e\"\n\rWhen I add \"\u003cOrder\u003e\" to the shopping cart\n\rAnd proceed to checkout\n\rAnd validate the shopping cart and proceed\n\rAnd validate the address and proceed\n\rAnd validate the shipping details and proceed\n\rAnd Select the bank wire payment and proceed\n\rAnd Confirm the order\n\rThen The order should be in the order history\n\r","dataSetDescriptors":[{"startRow":0,"rowCount":0,"name":""}]},"manual":false,"testSource":"Cucumber","result":"SUCCESS"}