{"name":"change first name","id":"automationpractice-testscenarios;change-first-name","testSteps":[{"number":1,"description":"change first name #1: {username\u003dautomationtest2003@gmail.com, password\u003d12345}","duration":20391,"startTime":"2021-03-20T20:26:42.832241Z[Europe/London]","screenshots":[{"screenshot":"a0276f5c5370006f1456b22b0d6a610e5892653b9a090983fdaafab303500e06.png"}],"result":"SUCCESS","precondition":false,"children":[{"number":2,"description":"Given I am on the home page","duration":7780,"startTime":"2021-03-20T20:26:42.833241700Z[Europe/London]","screenshots":[{"screenshot":"06f89861995edc6dbd1281a04d698292adda18a55bf74534f9620116b83fffe3.png"}],"result":"SUCCESS","precondition":false},{"number":3,"description":"And signin to my account using \"automationtest2003@gmail.com\" and \"12345\"","duration":7026,"startTime":"2021-03-20T20:26:50.615131400Z[Europe/London]","screenshots":[{"screenshot":"10338f706bc7435cb97432188847b0aae3edf7c4911fdefe962af17a88dd7bc4.png"}],"result":"SUCCESS","precondition":false,"children":[{"number":4,"description":"Login: automationtest2003@gmail.com, 12345","duration":6685,"startTime":"2021-03-20T20:26:50.617134500Z[Europe/London]","screenshots":[{"screenshot":"10338f706bc7435cb97432188847b0aae3edf7c4911fdefe962af17a88dd7bc4.png"}],"result":"SUCCESS","precondition":false}]},{"number":5,"description":"When navigate to personal information","duration":2633,"startTime":"2021-03-20T20:26:57.641364600Z[Europe/London]","screenshots":[{"screenshot":"3e35b2d490b032a3a3cbd490dfa22edc5f962523985fa88eae08e121a255b545.png"}],"result":"SUCCESS","precondition":false},{"number":6,"description":"And edit first name","duration":633,"startTime":"2021-03-20T20:27:00.274401Z[Europe/London]","screenshots":[{"screenshot":"47ea80a341b71cd584a19755031016cc73069744415a786c9906ec06a709ec13.png"}],"result":"SUCCESS","precondition":false},{"number":7,"description":"And provide current password \"12345\" to save","duration":1585,"startTime":"2021-03-20T20:27:00.907544300Z[Europe/London]","screenshots":[{"screenshot":"a0276f5c5370006f1456b22b0d6a610e5892653b9a090983fdaafab303500e06.png"}],"result":"SUCCESS","precondition":false},{"number":8,"description":"Then validate personal information details saved success message","duration":395,"startTime":"2021-03-20T20:27:02.493915200Z[Europe/London]","screenshots":[{"screenshot":"a0276f5c5370006f1456b22b0d6a610e5892653b9a090983fdaafab303500e06.png"}],"result":"SUCCESS","precondition":false}]}],"userStory":{"id":"automationpractice-testscenarios","storyName":"automationpractice-testscenarios","path":"src/test/resources/features/automationpractice_regression/Automation_Practice.feature","type":"feature"},"featureTag":{"name":"Automationpractice regression/automationpractice-testscenarios","type":"feature"},"title":"change first name","tags":[{"name":"regression","type":"tag"},{"name":"Automationpractice regression/Automationpractice testscenarios","type":"feature"},{"name":"Automationpractice regression","type":"capability"},{"name":"automationpractice","type":"tag"}],"startTime":"2021-03-20T20:26:42.829238600Z[Europe/London]","duration":21076,"projectKey":"","sessionId":"f3b8cd2ecc174077e24053ef87879339","driver":"chrome","dataTable":{"headers":["username","password"],"rows":[{"values":["automationtest2003@gmail.com","12345"],"result":"SUCCESS"}],"predefinedRows":true,"scenarioOutline":"Given I am on the home page\n\rAnd signin to my account using \"\u003cusername\u003e\" and \"\u003cpassword\u003e\"\n\rWhen navigate to personal information\n\rAnd edit first name\n\rAnd provide current password \"\u003cpassword\u003e\" to save\n\rThen validate personal information details saved success message\n\r","dataSetDescriptors":[{"startRow":0,"rowCount":0,"name":""}]},"manual":false,"testSource":"Cucumber","result":"SUCCESS"}